,year,month,day,temp,humid,wind_speed,precip,pressure,visib,dep_delay
0,2013,1,1,37.22782608695652,53.88347826086956,15.410445217391304,0.0,1012.6227272727273,9.956521739130435,3.2033898305084745
1,2013,1,2,28.790000000000003,50.195,13.617563333333331,0.0,1018.0625,10.0,5.633333333333334
2,2013,1,3,30.2675,52.682500000000005,11.076257499999999,0.0,1020.3208333333333,10.0,10.825396825396826
3,2013,1,4,35.8325,49.89333333333334,15.3916825,0.0,1016.4416666666666,10.0,2.929411764705882
4,2013,1,5,38.277499999999996,46.42041666666666,9.877528333333332,0.0,1022.4583333333334,10.0,2.45
5,2013,1,6,40.95304347826087,56.080869565217384,9.75661304347826,0.0,1017.9200000000001,9.130434782608695,1.6607142857142858
6,2013,1,7,41.3525,50.696666666666665,9.0623925,0.0,1025.2749999999999,10.0,1.7624113475177305
7,2013,1,8,42.32,55.468333333333334,8.343155,0.0,1028.5874999999999,10.0,-0.23636363636363636
8,2013,1,9,44.9375,62.036249999999995,8.870595833333333,0.0,1025.0375000000001,9.0,-2.2445255474452557
9,2013,1,10,44.345,45.5575,11.795495,0.0,1030.9166666666667,10.0,0.2
10,2013,1,11,40.3325,73.04375,7.575968333333333,0.015833333333333335,1029.5055555555557,8.395833333333334,-1.586080586080586
11,2013,1,12,43.895,93.88375,6.425188333333334,0.0020833333333333333,1020.5133333333334,2.7604166666666665,-1.9085714285714286
12,2013,1,13,45.762499999999996,93.71,6.137493333333333,0.0,1018.8100000000001,2.7704166666666663,4.306034482758621
13,2013,1,14,49.6325,76.93458333333334,8.822646666666666,0.0025,1020.0631578947368,6.520833333333333,-1.5
14,2013,1,15,37.699999999999996,63.95291666666666,8.007510833333333,0.004166666666666667,1025.3739130434783,9.916666666666666,-2.4080882352941178
15,2013,1,16,35.5625,86.92625,7.863663333333332,0.028333333333333335,1014.2071428571428,7.0,19.61509433962264
16,2013,1,17,40.4375,56.79666666666666,10.644715,0.0,1016.4625,10.0,1.5815602836879432
17,2013,1,18,29.555000000000003,43.04958333333334,11.507800000000001,0.0,1027.2652173913043,9.958333333333334,2.382142857142857
18,2013,1,19,41.6675,44.35916666666666,14.001156666666667,0.0,1021.6333333333333,10.0,-1.0174418604651163
19,2013,1,20,44.165,40.739583333333336,17.069903333333333,0.0,1010.0041666666666,10.0,2.0
20,2013,1,21,30.11,44.18083333333333,9.110341666666667,0.0,1015.3083333333334,10.0,5.731617647058823
21,2013,1,22,21.29,44.27708333333334,19.850955,0.0,1016.9666666666667,9.958333333333334,16.175824175824175
22,2013,1,23,16.175,42.83083333333334,14.049105833333334,0.0,1022.8666666666667,10.0,4.349264705882353
23,2013,1,24,18.995,45.459583333333335,15.631428333333332,0.0,1024.4083333333333,10.0,12.60948905109489
24,2013,1,25,19.265,56.89625,9.014443333333332,0.0016666666666666668,1027.2055555555555,8.520833333333334,15.228464419475655
25,2013,1,26,22.287499999999998,56.08958333333334,14.624495833333333,0.0,1021.6374999999999,10.0,0.11428571428571428
26,2013,1,27,27.9875,46.79291666666666,10.980359166666666,0.0,1031.5666666666666,10.0,2.951541850220264
27,2013,1,28,33.485,70.18291666666666,8.05546,0.009166666666666667,1024.7176470588236,6.458333333333333,6.907063197026022
28,2013,1,29,39.8525,85.24041666666666,8.295205833333332,0.00375,1018.7375,5.604166666666667,-0.9548872180451128
29,2013,1,30,47.21,91.82583333333334,10.548816666666665,0.00125,1007.4214285714286,4.9375,28.293388429752067
30,2013,1,31,45.32750000000001,53.40416666666667,25.604855,0.03666666666666667,998.6999999999999,9.208333333333334,30.028
31,2013,2,1,29.1575,44.56666666666666,17.549395,0.0,1014.2041666666668,10.0,4.203571428571428
32,2013,2,2,25.4225,47.77916666666667,10.5008675,0.0004166666666666667,1022.4130434782609,9.020833333333334,-0.05056179775280899
33,2013,2,3,27.77,69.39416666666666,6.904679999999999,0.00125,1010.8,7.708333333333333,5.346846846846847
34,2013,2,4,28.3175,44.17958333333333,15.9670725,0.0,1013.35,10.0,5.879432624113475
35,2013,2,5,29.78,80.03541666666666,8.103409166666667,0.0008333333333333334,1013.7285714285715,7.0,4.762773722627737
36,2013,2,6,34.0175,58.31333333333333,11.555749166666667,0.0,1020.89,8.291666666666666,7.235714285714286
37,2013,2,7,29.599999999999998,41.89791666666667,8.726748333333333,0.0,1030.5652173913043,10.0,4.757042253521127
38,2013,2,8,33.1475,83.21,19.515310833333334,0.0275,1018.3833333333333,4.40625,28.074324324324323
39,2013,2,9,29.0975,59.28666666666667,18.748124166666667,0.009583333333333334,1017.9,8.354166666666666,8.147540983606557
40,2013,2,10,27.9575,49.939166666666665,6.664934166666666,0.0,1029.3291666666667,10.0,16.857142857142858
41,2013,2,11,40.565,88.93333333333334,4.4592725,0.021666666666666667,1015.4928571428571,4.416666666666667,28.946969696969695
42,2013,2,12,41.9375,49.937916666666666,14.96014,0.0,1011.1130434782608,10.0,0.8424908424908425
43,2013,2,13,38.2925,58.468333333333334,5.705950833333333,0.0004166666666666667,1010.1409090909091,9.791666666666666,2.822463768115942
44,2013,2,14,39.3875,65.00833333333334,8.151358333333333,0.0004166666666666667,1013.2272727272727,9.791666666666666,0.6724738675958188
45,2013,2,15,43.79750000000001,62.3525,8.247256666666667,0.0,1014.6999999999999,9.416666666666666,3.2961672473867596
46,2013,2,16,35.39,63.705000000000005,12.466783333333332,0.0008333333333333334,1011.75,9.875,3.2295081967213113
47,2013,2,17,27.117500000000003,40.67125,24.8856175,0.0,1007.7208333333333,10.0,2.730769230769231
48,2013,2,18,27.7025,38.7525,16.11092,0.0,1021.6333333333333,10.0,6.320284697508897
49,2013,2,19,40.7825,61.80041666666667,11.028308333333333,0.006666666666666667,1014.14,9.791666666666666,11.996466431095406
50,2013,2,20,31.5725,43.57458333333333,20.234548333333333,0.0,1010.7304347826087,10.0,4.818181818181818
51,2013,2,21,29.104347826086954,48.44608695652174,19.463192173913043,0.0,1018.1130434782608,10.0,6.996478873239437
52,2013,2,22,32.06260869565217,62.32478260869566,8.705900869565216,0.0,1027.2318181818182,10.0,4.136363636363637
53,2013,2,23,36.6275,91.32166666666667,11.651647500000001,0.009583333333333334,1017.54,5.21875,-0.23684210526315788
54,2013,2,24,39.214999999999996,71.02333333333333,14.432699166666666,0.00125,1010.0333333333333,9.041666666666666,0.5810276679841897
55,2013,2,25,38.809999999999995,56.52583333333333,7.6239175,0.0,1020.0916666666667,10.0,-1.0103448275862068
56,2013,2,26,38.405,72.33624999999999,11.603698333333334,0.004583333333333333,1022.7136363636364,9.625,3.5745454545454547
57,2013,2,27,41.8025,84.12541666666667,16.974005000000002,0.04666666666666667,1004.3083333333334,5.375,33.4889705882353
58,2013,2,28,44.8175,60.857499999999995,7.384171666666667,0.0,1001.804347826087,10.0,2.694736842105263
59,2013,3,1,39.905,60.79208333333333,12.850376666666667,0.0,1005.2624999999999,10.0,0.9482758620689655
60,2013,3,2,35.87,60.23374999999999,12.418834166666665,0.0,1007.1227272727273,9.625,1.3482587064676617
61,2013,3,3,32.99,54.665416666666665,15.008089166666666,0.0,1006.2833333333333,9.416666666666666,1.241635687732342
62,2013,3,4,34.1075,52.807500000000005,19.083768333333335,0.0,1009.2583333333333,10.0,5.337837837837838
63,2013,3,5,40.15478260869565,50.03,9.50644347826087,0.0,1015.1782608695652,10.0,2.1153846153846154
64,2013,3,6,39.905,66.68541666666667,22.91970166666667,0.0,1012.7523809523809,10.0,14.165289256198347
65,2013,3,7,36.1475,76.18375,17.789140833333335,0.005416666666666667,1015.7,7.375,14.93359375
66,2013,3,8,36.335,74.81583333333333,17.6932425,0.010416666666666666,1019.1153846153846,5.020833333333333,106.21052631578948
67,2013,3,9,44.17250000000001,42.54,11.843444166666666,0.0,1024.0208333333333,10.0,3.341708542713568
68,2013,3,10,39.74782608695652,74.23304347826087,6.704544347826087,0.0,1027.6260869565217,10.0,5.168539325842697
69,2013,3,11,46.5725,78.84125,10.452918333333333,0.0,1022.8357142857143,10.0,2.518032786885246
70,2013,3,12,50.232499999999995,84.345,16.782208333333333,0.03291666666666667,1013.0357142857143,7.4375,30.6028880866426
71,2013,3,13,44.517500000000005,50.44083333333333,12.466783333333334,0.0,1010.6708333333332,10.0,4.208609271523179
72,2013,3,14,35.4575,38.91166666666667,21.720972500000002,0.0,1012.4166666666666,10.0,8.00655737704918
73,2013,3,15,38.7125,42.13333333333333,13.9532075,0.0,1011.0333333333333,10.0,3.271523178807947
74,2013,3,16,36.11,65.50333333333333,8.343155,0.0033333333333333335,1010.275,7.864583333333333,10.835
75,2013,3,17,34.5575,49.91583333333333,12.274986666666665,0.0,1019.6625,10.0,6.981132075471698
76,2013,3,18,32.3225,58.40291666666667,12.5147325,0.020833333333333332,1026.8578947368421,7.375,25.209059233449477
77,2013,3,19,38.33,80.17375,13.329868333333332,0.015833333333333335,1007.99375,8.333333333333334,25.923344947735192
78,2013,3,20,39.589999999999996,39.48791666666667,14.049105833333334,0.0,1010.3125,10.0,3.887788778877888
79,2013,3,21,34.902499999999996,46.48458333333334,10.884460833333334,0.0,1006.6875,9.833333333333334,8.766447368421053
80,2013,3,22,35.690000000000005,42.66916666666666,13.857309166666667,0.0,1008.7458333333334,10.0,4.887788778877888
81,2013,3,23,39.515,41.79625,16.8301575,0.0,1011.3249999999999,10.0,12.628140703517587
82,2013,3,24,39.7475,45.08166666666667,8.582900833333333,0.0,1010.2333333333332,10.0,14.751908396946565
83,2013,3,25,38.765,68.4275,11.651647500000001,0.006666666666666667,1001.5590909090909,8.083333333333334,14.235494880546074
84,2013,3,26,43.685,51.79291666666666,8.7746975,0.0,1006.65,10.0,-0.39057239057239057
85,2013,3,27,44.2925,46.126666666666665,13.569614166666668,0.0,1012.3583333333332,10.0,-2.451827242524917
86,2013,3,28,44.112500000000004,54.20916666666667,13.042173333333333,0.0,1016.0333333333333,10.0,0.7152317880794702
87,2013,3,29,47.0975,45.869166666666665,11.459850833333334,0.0,1019.375,10.0,0.04950495049504951
88,2013,3,30,48.5525,44.47875,7.767765,0.0,1019.7833333333333,10.0,1.0406091370558375
89,2013,3,31,47.17250000000001,65.72958333333334,9.9254775,0.005833333333333333,1015.5227272727273,8.875,1.9923664122137406
90,2013,4,1,49.2425,62.23583333333334,13.425766666666666,0.0004166666666666667,1006.4105263157894,9.3125,8.296296296296296
91,2013,4,2,39.012499999999996,32.5625,16.350665833333334,0.0,1015.4083333333333,10.0,-0.7269736842105263
92,2013,4,3,39.5525,31.03333333333333,18.172734166666668,0.0,1020.9833333333332,10.0,-1.0163398692810457
93,2013,4,4,41.5925,40.89541666666667,9.877528333333332,0.0,1024.4958333333334,10.0,2.118811881188119
94,2013,4,5,49.2725,37.939166666666665,11.172155833333333,0.0,1011.9666666666667,10.0,1.986970684039088
95,2013,4,6,42.67249999999999,36.60958333333333,11.795495,0.0,1023.4250000000001,10.0,-0.9405940594059405
96,2013,4,7,47.6825,58.81583333333333,14.049105833333334,0.0,1021.3833333333333,10.0,1.795539033457249
97,2013,4,8,57.357499999999995,58.35833333333333,6.041595,0.0,1016.5166666666668,10.0,0.3010033444816054
98,2013,4,9,65.9075,47.46041666666667,8.726748333333333,0.0004166666666666667,1013.7291666666666,9.375,7.744827586206896
99,2013,4,10,60.8525,62.42541666666667,9.014443333333332,0.016666666666666666,1012.1299999999999,9.5,32.05703422053232
100,2013,4,11,54.732499999999995,75.92999999999999,9.877528333333332,0.0004166666666666667,1013.925,8.75,23.11904761904762
101,2013,4,12,43.887499999999996,82.7075,17.741191666666666,0.022500000000000003,1010.3066666666667,7.625,33.08
102,2013,4,13,47.975,65.18291666666667,7.432120833333333,0.0016666666666666668,1011.8190476190476,10.0,6.0703517587939695
103,2013,4,14,52.0625,46.40833333333333,10.309070833333333,0.0,1018.0500000000001,10.0,-0.6996336996336996
104,2013,4,15,49.04,49.93083333333333,8.007510833333333,0.0,1026.8,10.0,-0.40264026402640263
105,2013,4,16,54.86000000000001,70.41000000000001,11.987291666666666,0.0,1024.9625,10.0,19.254681647940075
106,2013,4,17,61.6175,52.23708333333334,7.9116124999999995,0.0008333333333333334,1022.4684210526317,10.0,15.48943661971831
107,2013,4,18,55.580000000000005,62.588750000000005,10.404969166666666,0.0004166666666666667,1025.71,9.666666666666666,27.13888888888889
108,2013,4,19,60.8525,83.84833333333334,13.569614166666666,0.0004166666666666667,1010.2333333333332,6.140416666666667,42.02536231884058
109,2013,4,20,54.4625,45.14333333333334,16.782208333333333,0.002916666666666667,1015.0772727272728,10.0,9.407035175879397
110,2013,4,21,45.455000000000005,38.49916666666667,9.493934999999999,0.0,1033.4083333333333,10.0,7.846715328467154
111,2013,4,22,47.794999999999995,51.952916666666674,13.329868333333332,0.0,1035.7041666666667,10.0,26.534013605442176
112,2013,4,23,46.25,67.035,13.9532075,0.0,1025.7526315789473,9.6875,20.472027972027973
113,2013,4,24,53.18,68.42416666666666,10.740613333333334,0.0,1015.2238095238096,9.916666666666666,16.863013698630137
114,2013,4,25,56.607499999999995,39.062916666666666,12.610630833333333,0.0,1020.1913043478262,10.0,17.44295302013423
115,2013,4,26,57.875,36.318333333333335,7.096476666666667,0.0,1027.4041666666667,10.0,21.251655629139073
116,2013,4,27,57.67250000000001,32.36708333333333,6.281340833333332,0.0,1028.2304347826087,10.0,1.7586206896551724
117,2013,4,28,58.085,41.181666666666665,9.302138333333334,0.0,1024.8583333333333,10.0,0.6386861313868614
118,2013,4,29,55.49,67.46416666666667,9.254189166666666,0.00125,1023.225,10.0,2.283828382838284
119,2013,4,30,56.81,49.489583333333336,9.0623925,0.0,1025.540909090909,10.0,-1.1114864864864864
120,2013,5,1,56.54750000000001,49.11875,7.9116124999999995,0.0,1030.2416666666666,10.0,0.17880794701986755
121,2013,5,2,58.9475,53.61416666666667,5.849798333333333,0.0,1029.391304347826,10.0,2.2302631578947367
122,2013,5,3,55.45249999999999,53.185,10.692664166666667,0.0,1029.7347826086957,10.0,16.243243243243242
123,2013,5,4,54.949999999999996,59.98791666666667,9.014443333333332,0.0,1025.8458333333333,10.0,-2.9396984924623117
124,2013,5,5,52.324999999999996,59.09125,10.644715,0.0,1024.713043478261,10.0,-2.2527472527472527
125,2013,5,6,55.82750000000001,67.99416666666667,7.671866666666666,0.0,1022.9,9.958333333333334,2.529220779220779
126,2013,5,7,60.732499999999995,73.01375,8.582900833333333,0.0,1020.01,10.0,1.149501661129568
127,2013,5,8,59.142500000000005,85.55125,10.932409999999999,0.09499999999999999,1016.72,7.03125,48.93511450381679
128,2013,5,9,59.75,82.37875,7.528019166666667,0.015833333333333335,1013.375,7.166666666666667,25.973333333333333
129,2013,5,10,67.67,61.767083333333325,6.664934166666666,0.0,1014.0521739130435,9.916666666666666,8.390728476821192
130,2013,5,11,64.5875,84.43458333333334,9.350087499999999,0.02666666666666667,1008.53125,8.5,13.157360406091371
131,2013,5,12,62.9975,41.377916666666664,14.912190833333334,0.0004166666666666667,1006.8083333333334,9.916666666666666,-3.2432432432432434
132,2013,5,13,52.0025,36.645,14.192953333333334,0.0,1016.3874999999999,10.0,3.7434210526315788
133,2013,5,14,53.585,37.85666666666666,10.596765833333333,0.0,1018.525,10.0,-2.575657894736842
134,2013,5,15,60.949999999999996,55.57375,10.021375833333332,0.0008333333333333334,1011.8166666666666,10.0,2.8311258278145695
135,2013,5,16,70.205,46.82458333333333,7.432120833333333,0.0,1007.5916666666667,10.0,3.3993506493506493
136,2013,5,17,66.425,36.35125,8.391104166666667,0.0,1017.3916666666668,10.0,3.3137254901960786
137,2013,5,18,60.695,64.39208333333333,6.952629166666667,0.0,1025.2250000000001,10.0,2.3034825870646767
138,2013,5,19,58.04750000000001,87.87833333333333,9.302138333333334,0.017916666666666668,1024.7272727272727,4.052083333333333,16.742537313432837
139,2013,5,20,67.76,79.55375,6.1854425,0.0,1016.6875,5.9312499999999995,31.901360544217688
140,2013,5,21,76.79,67.05,8.439053333333332,0.0,1012.4409090909091,8.666666666666666,11.325503355704697
141,2013,5,22,68.27,78.84541666666667,8.151358333333333,0.0,1011.53125,5.958333333333333,24.48951048951049
142,2013,5,23,69.50750000000001,81.87708333333333,11.076257499999999,0.022083333333333333,1010.75625,9.166666666666666,57.15021459227468
143,2013,5,24,57.44,81.41333333333334,12.418834166666665,0.008333333333333333,1009.6444444444444,9.333333333333334,35.052083333333336
144,2013,5,25,50.48,70.09333333333333,20.71404,0.00375,1013.5,9.75,6.211640211640212
145,2013,5,26,58.0925,43.473333333333336,17.069903333333333,0.0,1016.975,10.0,-2.271356783919598
146,2013,5,27,66.11,29.87708333333333,8.343155,0.0,1021.9,10.0,2.8613138686131387
147,2013,5,28,61.737500000000004,67.05416666666666,5.945696666666667,0.017083333333333336,1022.0450000000001,7.0,3.0702341137123748
148,2013,5,29,70.0175,73.0,6.616985,0.0,1017.5411764705883,5.947916666666667,5.989932885906041
149,2013,5,30,83.9975,48.64833333333333,8.295205833333332,0.0,1018.4958333333334,10.0,9.599337748344372
150,2013,5,31,84.2075,48.459583333333335,7.336222499999999,0.0,1017.7583333333333,10.0,3.42809364548495
151,2013,6,1,81.3725,56.36875,11.028308333333333,0.0,1014.4958333333334,10.0,1.7889447236180904
152,2013,6,2,79.66250000000001,59.574999999999996,11.747545833333334,0.0016666666666666668,1010.1173913043478,9.708333333333334,34.75403225806452
153,2013,6,3,72.905,75.4225,8.343155,0.042916666666666665,1009.9266666666666,9.291666666666666,47.23050847457627
154,2013,6,4,67.385,38.329166666666666,12.08319,0.0,1015.8583333333332,10.0,1.325657894736842
155,2013,6,5,65.885,45.28541666666666,7.0485275,0.0,1020.9333333333334,10.0,4.166112956810632
156,2013,6,6,65.345,68.05666666666667,9.493934999999999,0.002916666666666667,1018.6631578947367,9.916666666666666,6.873333333333333
157,2013,6,7,61.879999999999995,90.90333333333332,15.295784166666666,0.13125,1011.225,3.6666666666666665,25.476868327402133
158,2013,6,8,68.6075,69.48833333333333,9.20624,0.041666666666666664,1012.44,8.875,4.970873786407767
159,2013,6,9,73.1,57.2875,5.610052499999999,0.0,1020.0791666666668,10.0,7.680147058823529
160,2013,6,10,65.9525,87.21541666666667,10.596765833333333,0.03916666666666667,1018.8466666666667,6.15625,20.540816326530614
161,2013,6,11,73.0025,69.74833333333333,13.281919166666666,0.01875,1004.7875,8.6875,9.953947368421053
162,2013,6,12,71.3,50.23041666666666,13.9532075,0.0,1008.4416666666666,10.0,1.3139931740614335
163,2013,6,13,65.9975,69.84,14.528597499999998,0.035833333333333335,1005.2777777777778,9.104166666666666,48.656488549618324
164,2013,6,14,63.2825,65.69791666666667,11.699596666666666,0.011250000000000001,1008.2631578947369,9.541666666666666,28.27946127946128
165,2013,6,15,72.8225,47.10041666666667,8.103409166666667,0.0,1013.8833333333333,10.0,2.596244131455399
166,2013,6,16,75.7775,47.374583333333334,9.158290833333334,0.0,1011.775,10.0,6.062271062271062
167,2013,6,17,77.87,58.72291666666666,8.391104166666667,0.0,1011.4499999999999,10.0,26.470394736842106
168,2013,6,18,71.14999999999999,76.33125,8.582900833333333,0.008333333333333333,1011.2700000000001,9.625,39.63667820069204
169,2013,6,19,69.16250000000001,53.41625,9.302138333333334,0.0,1017.0047619047618,9.75,7.327814569536423
170,2013,6,20,71.4575,47.51416666666666,9.877528333333332,0.0,1023.6999999999999,10.0,0.5700325732899023
171,2013,6,21,73.39999999999999,42.07583333333333,9.541884166666666,0.0,1024.8999999999999,10.0,6.921568627450981
172,2013,6,22,73.7,46.59916666666666,10.069325,0.0,1022.9625,10.0,2.8962264150943398
173,2013,6,23,78.11749999999999,61.51791666666667,10.740613333333334,0.0,1020.1833333333334,10.0,5.888475836431227
174,2013,6,24,83.15,58.11541666666667,8.1993075,0.0,1016.2695652173913,10.0,47.33955223880597
175,2013,6,25,83.9075,51.73875,9.493934999999999,0.0,1012.2347826086957,10.0,33.705882352941174
176,2013,6,26,81.91250000000001,56.129999999999995,8.343155,0.0008333333333333334,1009.4208333333332,10.0,23.18466898954704
177,2013,6,27,77.55499999999999,73.77625,9.158290833333334,0.005416666666666667,1007.5157894736842,9.625,31.21323529411765
178,2013,6,28,79.3775,66.64,11.316003333333333,0.0,999.1111111111111,10.0,43.82462686567164
179,2013,6,29,77.675,67.93541666666667,10.548816666666665,0.0,1001.985,9.958333333333334,12.89423076923077
180,2013,6,30,77.0825,78.36874999999999,9.302138333333334,0.0,1008.71875,9.083333333333334,39.11538461538461
181,2013,7,1,74.94500000000001,86.36583333333334,9.589833333333333,0.030416666666666665,1014.4818181818181,9.875,62.33712121212121
182,2013,7,2,77.0,80.39958333333333,9.973426666666667,0.0025,1019.8071428571428,9.833333333333334,9.136518771331058
183,2013,7,3,78.905,76.36208333333333,10.117274166666666,0.04,1022.7944444444444,9.416666666666666,21.301003344481604
184,2013,7,4,83.3525,66.62875,10.692664166666667,0.0,1022.6291666666666,10.0,0.8763440860215054
185,2013,7,5,84.83749999999999,61.185833333333335,10.117274166666666,0.0,1021.1041666666666,10.0,-0.14285714285714285
186,2013,7,6,87.695,53.998333333333335,10.261121666666666,0.0,1018.5916666666667,10.0,4.149038461538462
187,2013,7,7,88.1675,52.50458333333333,10.692664166666667,0.0,1015.5916666666667,10.0,33.77734375
188,2013,7,8,82.99249999999999,54.44625,10.117274166666666,0.0,1015.8045454545455,10.0,32.170818505338076
189,2013,7,9,82.925,56.831250000000004,6.808781666666667,0.0025,1016.7409090909091,9.666666666666666,28.757475083056477
190,2013,7,10,82.55,65.70791666666666,10.740613333333334,0.0008333333333333334,1012.1947368421053,9.0,41.346456692913385
191,2013,7,11,80.8475,61.248333333333335,8.295205833333332,0.0,1010.75,10.0,17.910958904109588
192,2013,7,12,73.685,71.535,12.179088333333333,0.0075,1015.8631578947369,9.25,18.897689768976896
193,2013,7,13,72.2,88.54791666666667,10.7885625,0.0025,1023.0899999999999,6.791666666666667,24.04830917874396
194,2013,7,14,83.1725,64.43875,7.384171666666666,0.0,1025.1380952380953,9.083333333333334,10.040441176470589
195,2013,7,15,87.1175,55.403333333333336,8.391104166666667,0.0,1022.0749999999999,10.0,5.231511254019293
196,2013,7,16,86.42750000000001,48.361250000000005,9.0623925,0.0,1021.1083333333332,10.0,5.915032679738562
197,2013,7,17,87.335,50.161249999999995,5.418255833333333,0.0,1020.0500000000001,10.0,10.743421052631579
198,2013,7,18,90.7025,47.768750000000004,6.712883333333333,0.0,1015.8916666666668,10.0,26.848484848484848
199,2013,7,19,92.1425,51.95083333333333,11.555749166666667,0.0,1011.8041666666667,9.708333333333334,14.646864686468646
200,2013,7,20,87.72500000000001,53.04708333333334,12.08319,0.0,1008.1999999999999,9.833333333333334,15.504854368932039
201,2013,7,21,81.00500000000001,56.32833333333334,8.295205833333332,0.0,1012.6708333333332,10.0,20.8544061302682
202,2013,7,22,77.015,83.93875,10.165223333333332,0.005416666666666667,1012.3071428571428,8.604166666666666,40.84888888888889
203,2013,7,23,80.9675,70.46249999999999,8.678799166666666,0.018750000000000003,1002.6647058823529,9.583333333333334,53.49805447470817
204,2013,7,24,78.515,57.82875000000001,10.165223333333332,0.0,1006.9125,10.0,8.703225806451613
205,2013,7,25,66.43249999999999,63.106249999999996,13.329868333333332,0.0008333333333333334,1016.0818181818181,10.0,7.501639344262295
206,2013,7,26,73.7,60.91833333333333,9.398036666666666,0.0,1016.1478260869566,10.0,9.706270627062706
207,2013,7,27,76.2125,60.98666666666667,9.78163,0.0,1016.4625,10.0,3.7476190476190476
208,2013,7,28,74.915,74.38333333333334,8.343155,0.005,1014.4190476190475,9.458333333333334,41.417355371900825
209,2013,7,29,78.2675,56.82125,7.575968333333333,0.0004166666666666667,1016.1869565217391,10.0,21.040133779264213
210,2013,7,30,75.53,47.490833333333335,9.0623925,0.0,1020.0208333333334,10.0,1.9055374592833876
211,2013,7,31,76.21739130434783,50.53869565217391,7.555120869565217,0.0,1019.2217391304347,10.0,0.5838709677419355
212,2013,8,1,72.7475,73.49041666666666,8.822646666666666,0.020833333333333332,1013.9,8.875,37.10069444444444
213,2013,8,2,77.5475,56.84166666666667,9.110341666666665,0.0,1011.4000000000001,10.0,6.598039215686274
214,2013,8,3,75.2,57.8675,8.63085,0.0004166666666666667,1011.8541666666666,10.0,13.91866028708134
215,2013,8,4,74.2175,49.29750000000001,11.987291666666666,0.0,1011.8125,10.0,3.4074074074074074
216,2013,8,5,71.6675,43.115833333333335,8.4870025,0.0,1016.3583333333332,10.0,-0.025477707006369428
217,2013,8,6,73.61749999999999,52.14208333333334,8.343155,0.0,1018.775,10.0,5.836601307189542
218,2013,8,7,74.48,63.550000000000004,11.651647500000001,0.0004166666666666667,1019.8399999999999,10.0,6.339743589743589
219,2013,8,8,75.8,81.52041666666666,9.877528333333332,0.008333333333333333,1016.94375,9.833333333333334,47.69097222222222
220,2013,8,9,79.49,77.02125,11.076257499999999,0.0029166666666666664,1011.4411764705883,9.666666666666666,32.90559440559441
221,2013,8,10,77.6225,55.0225,10.165223333333333,0.0,1014.5666666666666,10.0,9.40952380952381
222,2013,8,11,74.22500000000001,48.979166666666664,6.952629166666667,0.0,1018.3173913043478,10.0,4.649446494464945
223,2013,8,12,74.89999999999999,73.88916666666667,5.658001666666666,0.00375,1015.2086956521739,9.541666666666666,6.083870967741936
224,2013,8,13,73.57217391304349,79.76347826086956,6.854646086956522,0.03217391304347826,1008.1210526315789,8.08695652173913,22.37676056338028
225,2013,8,14,68.75,52.19208333333333,15.583479166666665,0.0,1011.3249999999999,10.0,4.382636655948553
226,2013,8,15,70.6475,45.03125,7.432120833333333,0.0,1019.1125000000001,10.0,5.54516129032258
227,2013,8,16,72.56260869565217,47.579130434782606,4.9533573913043485,0.0,1021.0826086956522,10.0,5.19281045751634
228,2013,8,17,74.0,48.67916666666667,5.753899999999999,0.0,1024.0249999999999,10.0,3.7718446601941746
229,2013,8,18,72.095,63.95208333333333,5.3223575,0.0,1022.6374999999999,9.708333333333334,6.2819548872180455
230,2013,8,19,73.91652173913043,57.979565217391304,6.90468,0.0,1018.4173913043478,10.0,2.751592356687898
231,2013,8,20,78.6275,59.03,4.746967499999999,0.0,1018.7208333333333,10.0,-0.6699029126213593
232,2013,8,21,80.9675,53.15625,5.3223575,0.0,1019.7833333333333,9.958333333333334,0.7564935064935064
233,2013,8,22,76.73,76.67318181818182,7.584686363636364,0.010909090909090908,1015.2647058823529,9.363636363636363,35.65172413793103
234,2013,8,23,75.785,53.31583333333333,10.596765833333333,0.0,1014.7833333333333,9.875,5.323624595469256
235,2013,8,24,70.8425,50.66,9.398036666666666,0.0,1024.6499999999999,10.0,0.9852941176470589
236,2013,8,25,74.5475,47.57416666666666,6.904679999999999,0.0,1026.4125000000001,10.0,2.217712177121771
237,2013,8,26,76.43,53.44083333333333,9.877528333333332,0.0,1018.3791666666666,10.0,3.7278688524590162
238,2013,8,27,78.67999999999999,64.09333333333333,11.076257499999999,0.0004166666666666667,1011.0772727272728,9.958333333333334,5.5756578947368425
239,2013,8,28,76.865,74.64,4.411323333333333,0.004166666666666667,1011.3869565217392,9.375,45.48299319727891
240,2013,8,29,74.33749999999999,74.41208333333333,8.966494166666665,0.0,1015.165,9.5,10.407051282051283
241,2013,8,30,76.565,66.13708333333334,8.918545,0.0,1013.7782608695653,9.958333333333334,5.288079470198675
242,2013,8,31,78.9875,71.21,10.5008675,0.0,1010.11,9.708333333333334,8.946107784431138
243,2013,9,1,78.74,76.40583333333333,8.726748333333333,0.0,1009.7285714285715,9.541666666666666,3.290155440414508
244,2013,9,2,77.12,82.81541666666666,5.610052499999999,0.0375,1007.4736842105264,6.666666666666667,80.49186991869918
245,2013,9,3,75.71,67.73333333333333,9.6377825,0.00375,1008.7375,8.291666666666666,8.527687296416937
246,2013,9,4,74.0825,50.71041666666667,11.411901666666667,0.0,1014.0875,10.0,-0.30670926517571884
247,2013,9,5,72.41,45.61833333333333,10.644715,0.0,1015.7791666666667,10.0,-2.1246105919003115
248,2013,9,6,64.1675,43.89875,7.767765,0.0,1022.3375,10.0,-2.8167701863354035
249,2013,9,7,69.59,45.35666666666666,7.719815833333333,0.0,1016.7041666666668,10.0,-2.4702702702702704
250,2013,9,8,73.22,48.447916666666664,11.076257499999999,0.0,1012.0041666666666,10.0,1.1433447098976108
251,2013,9,9,65.885,52.07041666666667,8.534951666666666,0.0,1022.0833333333334,10.0,0.10787172011661808
252,2013,9,10,77.22500000000001,67.48333333333333,9.6377825,0.0,1019.6333333333333,9.875,0.1716867469879518
253,2013,9,11,84.665,62.82083333333333,9.158290833333334,0.0,1017.5375,8.333333333333334,6.449838187702265
254,2013,9,12,78.5825,73.46166666666666,10.548816666666665,0.05291666666666667,1010.5,8.375,47.20564516129032
255,2013,9,13,69.7175,65.90208333333334,12.035240833333333,0.00125,1005.6041666666666,9.958333333333334,20.311377245508982
256,2013,9,14,60.70249999999999,56.83583333333333,11.747545833333334,0.0,1015.3125,10.0,-1.1135135135135135
257,2013,9,15,62.817499999999995,52.9675,6.952629166666667,0.0,1020.6541666666667,10.0,-0.10526315789473684
258,2013,9,16,65.2475,62.28708333333333,9.6377825,0.0008333333333333334,1018.9499999999999,10.0,1.8308605341246291
259,2013,9,17,57.387499999999996,47.661249999999995,9.445985833333333,0.0,1028.0791666666667,10.0,-2.1497005988023954
260,2013,9,18,62.2925,49.82541666666666,6.808781666666666,0.0,1025.0375,10.0,-0.8809523809523809
261,2013,9,19,65.89999999999999,53.8125,5.801849166666666,0.0,1020.3874999999999,10.0,15.927710843373495
262,2013,9,20,68.1125,62.96875,7.432120833333333,0.0,1017.4833333333332,10.0,6.168639053254438
263,2013,9,21,68.39,79.79416666666667,12.274986666666665,0.005416666666666667,1012.1117647058825,10.0,2.125
264,2013,9,22,64.0775,62.36208333333334,14.528597499999998,0.035416666666666666,1008.1454545454545,9.416666666666666,5.335664335664336
265,2013,9,23,58.2425,52.330000000000005,11.747545833333334,0.0,1015.2416666666667,10.0,1.8017492711370262
266,2013,9,24,60.725,50.50791666666667,8.966494166666665,0.0,1014.8333333333334,10.0,-2.5457317073170733
267,2013,9,25,64.04,48.72416666666667,4.4592725,0.0,1013.3458333333333,10.0,0.5501519756838906
268,2013,9,26,63.1775,69.70583333333333,7.959561666666667,0.0,1016.3761904761906,10.0,1.2756598240469208
269,2013,9,27,61.79,66.39916666666666,7.959561666666667,0.0,1022.6434782608695,10.0,5.768545994065282
270,2013,9,28,64.97,58.92875,7.48007,0.0,1025.1333333333334,10.0,-0.2903225806451613
271,2013,9,29,63.8975,68.56291666666667,5.705950833333333,0.0,1020.9590909090908,10.0,7.379661016949153
272,2013,9,30,64.4525,63.92458333333334,5.4662049999999995,0.0,1016.9541666666668,10.0,-0.9378698224852071
273,2013,10,1,70.625,54.54458333333333,6.233391666666666,0.0,1014.3249999999999,10.0,-0.7039274924471299
274,2013,10,2,74.4425,54.087916666666665,6.569035833333333,0.0,1014.2333333333332,10.0,-1.2065868263473054
275,2013,10,3,71.675,55.17166666666666,5.17851,0.0,1018.1041666666666,9.875,9.005952380952381
276,2013,10,4,74.03,63.15166666666667,5.849798333333332,0.00125,1016.4869565217392,8.791666666666666,3.2529761904761907
277,2013,10,5,67.4375,81.20541666666666,7.9116124999999995,0.0,1017.8411764705882,7.875,0.058823529411764705
278,2013,10,6,67.0925,88.70458333333333,9.398036666666666,0.0004166666666666667,1018.1307692307693,4.666666666666667,1.6801346801346801
279,2013,10,7,69.44,79.50083333333333,14.384749999999999,0.01375,1013.475,8.6875,41.54455445544554
280,2013,10,8,61.182500000000005,49.10583333333333,11.316003333333333,0.0,1022.7083333333334,10.0,-0.19207317073170732
281,2013,10,9,59.2475,59.156666666666666,14.480648333333335,0.0,1027.3500000000001,10.0,10.55421686746988
282,2013,10,10,59.8325,72.27624999999999,17.309649166666667,0.0,1021.9954545454547,10.0,18.350299401197606
283,2013,10,11,64.7825,72.5025,18.364530833333333,0.0,1017.5894736842106,10.0,33.72843450479233
284,2013,10,12,64.835,52.849583333333335,18.220683333333334,0.0,1021.4318181818181,10.0,1.358695652173913
285,2013,10,13,59.78,68.06166666666667,15.775275833333334,0.0,1027.4052631578948,10.0,3.508896797153025
286,2013,10,14,58.0925,64.92041666666667,6.760832499999999,0.0,1026.209523809524,10.0,4.310030395136778
287,2013,10,15,60.77,68.59875,6.137493333333333,0.0,1022.3565217391305,9.958333333333334,3.803680981595092
288,2013,10,16,60.67250000000001,77.74833333333333,6.760832499999999,0.0,1016.5722222222222,10.0,0.7455089820359282
289,2013,10,17,65.4425,80.17583333333333,8.63085,0.0004166666666666667,1009.9375,8.833333333333334,8.648809523809524
290,2013,10,18,63.4475,51.02,13.905258333333334,0.0,1011.0454545454545,10.0,3.9528023598820057
291,2013,10,19,59.3525,57.244166666666665,5.849798333333333,0.0,1012.8545454545455,10.0,-2.532258064516129
292,2013,10,20,57.9575,47.56458333333333,12.131139166666665,0.0,1013.3041666666667,10.0,0.7932203389830509
293,2013,10,21,59.345,43.0925,8.678799166666666,0.0,1018.4,10.0,-0.3136094674556213
294,2013,10,22,59.24,55.91791666666666,8.918545,0.0,1010.2375000000001,10.0,0.5333333333333333
295,2013,10,23,51.050000000000004,54.63583333333333,9.493934999999999,0.0,1006.5,10.0,1.9039039039039038
296,2013,10,24,48.095,47.96041666666667,14.145004166666666,0.0,1012.2583333333333,10.0,1.7840236686390532
297,2013,10,25,47.57,48.6505,14.729983999999998,0.0,1019.135,10.0,7.080118694362018
298,2013,10,26,50.04909090909091,42.90136363636364,11.978573636363636,0.0,1018.7181818181817,10.0,1.0909090909090908
299,2013,10,27,52.925000000000004,39.805416666666666,11.843444166666666,0.0,1014.6875,10.0,3.383050847457627
300,2013,10,28,53.57,42.06541666666667,8.4870025,0.0,1022.8416666666667,10.0,2.3244837758112094
301,2013,10,29,49.655,47.68666666666667,8.247256666666667,0.0,1028.5249999999999,10.0,-1.5152439024390243
302,2013,10,30,54.32,62.49416666666667,5.4662049999999995,0.0,1024.435,9.916666666666666,-0.5449101796407185
303,2013,10,31,60.59,78.14875,8.295205833333332,0.0020833333333333333,1017.2761904761904,8.458333333333334,1.4398734177215189
304,2013,11,1,66.08545454545455,69.91272727272727,13.704743636363634,0.002272727272727273,1003.01,10.0,16.655384615384616
305,2013,11,2,60.971000000000004,58.842,6.214212,0.0005,1004.221052631579,10.0,-1.839378238341969
306,2013,11,3,46.324999999999996,55.124583333333334,13.617563333333331,0.0,1020.4541666666668,10.0,-1.821917808219178
307,2013,11,4,40.23304347826087,37.73,10.607189565217391,0.0,1036.1913043478262,10.0,1.2732732732732732
308,2013,11,5,48.98,55.276666666666664,6.808781666666666,0.0,1035.9416666666666,10.0,-1.7901234567901234
309,2013,11,6,54.620000000000005,69.49291666666666,7.959561666666666,0.0,1026.5304347826088,10.0,-1.782874617737003
310,2013,11,7,55.9025,72.27708333333334,12.994224166666667,0.0033333333333333335,1011.8722222222223,9.791666666666666,12.919254658385093
311,2013,11,8,45.41,47.464166666666664,15.871174166666668,0.0,1017.9875000000001,10.0,0.8283132530120482
312,2013,11,9,45.395,44.85458333333333,10.644715,0.0,1022.1208333333334,10.0,-3.1135135135135137
313,2013,11,10,50.442499999999995,47.126666666666665,15.151936666666666,0.0,1013.4130434782609,10.0,12.6
314,2013,11,11,49.04,40.485,14.049105833333334,0.0,1019.1374999999999,10.0,3.027027027027027
315,2013,11,12,39.597500000000004,53.74875,16.926055833333333,0.00125,1020.53,9.166666666666666,8.347692307692308
316,2013,11,13,34.7525,44.809583333333336,13.6655125,0.0,1026.8041666666666,10.0,1.2259036144578312
317,2013,11,14,43.835,32.370416666666664,13.042173333333333,0.0,1022.9333333333333,10.0,-0.13432835820895522
318,2013,11,15,49.625,39.004583333333336,6.664934166666666,0.0,1022.875,10.0,-0.3143712574850299
319,2013,11,16,51.8675,65.14,5.082611666666666,0.0020833333333333333,1025.6541666666667,9.666666666666666,-0.6270270270270271
320,2013,11,17,54.32,90.98666666666666,6.952629166666667,0.0008333333333333334,1019.2153846153846,3.4583333333333335,23.17753623188406
321,2013,11,18,60.1625,48.593333333333334,15.3916825,0.009583333333333333,1005.0333333333334,7.973333333333334,4.2924528301886795
322,2013,11,19,43.9925,45.882083333333334,18.364530833333333,0.0,1018.1958333333333,10.0,-1.039755351681957
323,2013,11,20,38.044999999999995,42.625416666666666,9.254189166666666,0.0,1033.6458333333333,10.0,1.054380664652568
324,2013,11,21,44.465,55.6025,6.712883333333333,0.0,1033.8125,10.0,2.286144578313253
325,2013,11,22,53.629999999999995,72.74416666666666,8.391104166666667,0.002916666666666667,1018.2235294117646,9.208333333333334,13.686746987951807
326,2013,11,23,42.589999999999996,47.93833333333333,19.035819166666666,0.0008333333333333334,1014.7545454545453,9.791666666666666,-1.1041666666666667
327,2013,11,24,26.877499999999998,42.37166666666666,24.0225325,0.0,1022.3166666666666,10.0,12.054945054945055
328,2013,11,25,29.825,42.126666666666665,12.2270375,0.0,1029.6541666666667,10.0,3.006309148264984
329,2013,11,26,37.985,59.29666666666666,8.007510833333333,0.01875,1025.070588235294,7.75,8.777777777777779
330,2013,11,27,47.705000000000005,83.545,20.138650000000002,0.07333333333333333,999.6222222222223,7.270833333333333,17.965079365079365
331,2013,11,28,33.02,41.79,16.734259166666664,0.0,1023.1791666666667,10.0,3.988888888888889
332,2013,11,29,33.98,45.41125,9.110341666666665,0.0,1035.8875,10.0,-0.6263157894736842
333,2013,11,30,32.2925,53.818333333333335,6.760832499999999,0.0,1037.591304347826,10.0,0.5301204819277109
334,2013,12,1,43.6475,58.18958333333333,3.5482383333333334,0.0,1020.6142857142858,10.0,5.751592356687898
335,2013,12,2,42.98,74.10833333333333,5.658001666666666,0.0,1014.0833333333334,8.125,7.533132530120482
336,2013,12,3,44.72,67.86666666666666,4.1236283333333335,0.0,1013.4304347826088,7.75,4.529411764705882
337,2013,12,4,44.067499999999995,69.91791666666667,5.4662049999999995,0.0,1019.1708333333332,7.375,1.8286604361370717
338,2013,12,5,51.185,91.425,6.856730833333333,0.0004166666666666667,1017.43,4.171666666666667,75.25
339,2013,12,6,46.925000000000004,87.68333333333334,10.5008675,0.029583333333333333,1016.18,5.90625,12.861736334405144
340,2013,12,7,37.2875,61.75125,12.5147325,0.0062499999999999995,1027.4368421052632,9.708333333333334,0.2717391304347826
341,2013,12,8,30.995,61.28875,9.733680833333333,0.0020833333333333333,1033.83,7.9375,19.334600760456272
342,2013,12,9,36.71,87.44833333333332,13.473715833333335,0.00875,1018.1785714285714,4.604166666666667,32.70550161812298
343,2013,12,10,34.512499999999996,72.47833333333334,11.795495,0.009166666666666667,1015.8470588235296,7.895833333333333,29.379166666666666
344,2013,12,11,30.59,45.20583333333334,14.480648333333333,0.0,1024.1791666666666,10.0,4.575851393188855
345,2013,12,12,25.849999999999998,42.1925,14.480648333333335,0.0,1024.9583333333333,10.0,5.617021276595745
346,2013,12,13,30.5825,38.569583333333334,12.994224166666667,0.0,1022.6166666666667,10.0,4.469512195121951
347,2013,12,14,27.5975,78.36,17.789140833333335,0.0175,1028.9333333333334,4.447916666666667,17.265895953757227
348,2013,12,15,35.285000000000004,73.87333333333333,14.864241666666667,0.03291666666666667,1004.8526315789474,8.0,12.734317343173432
349,2013,12,16,28.955,45.162083333333335,12.131139166666665,0.0,1018.2208333333333,10.0,8.697247706422019
350,2013,12,17,26.757499999999997,72.56541666666666,8.966494166666665,0.006666666666666667,1018.6153846153846,6.40625,47.91756272401434
351,2013,12,18,31.1375,59.89000000000001,12.5147325,0.0,1017.6041666666666,10.0,12.761609907120743
352,2013,12,19,38.6,52.479166666666664,8.582900833333333,0.0,1019.8249999999999,10.0,11.120253164556962
353,2013,12,20,47.1575,54.19166666666666,7.096476666666667,0.0,1017.0208333333334,10.0,10.199367088607595
354,2013,12,21,54.47,72.86666666666666,7.384171666666666,0.0,1014.1833333333334,9.958333333333334,16.321888412017167
355,2013,12,22,60.4925,78.16833333333334,10.692664166666667,0.0004166666666666667,1012.32,9.5,21.184115523465703
356,2013,12,23,54.237500000000004,84.52374999999999,8.534951666666666,0.022083333333333333,1015.823076923077,7.875,19.955271565495206
357,2013,12,24,35.615,52.895833333333336,13.9532075,0.0,1021.7791666666667,10.0,4.540909090909091
358,2013,12,25,24.867500000000003,46.49916666666667,9.350087499999999,0.0,1031.9291666666666,10.0,5.581730769230769
359,2013,12,26,33.335,58.893750000000004,8.343155,0.0,1025.25,10.0,11.63
360,2013,12,27,36.4625,47.76083333333333,11.507800000000001,0.0,1026.4750000000001,10.0,6.5813953488372094
361,2013,12,28,44.9675,42.28625,10.740613333333334,0.0,1021.3166666666666,10.0,3.013100436681223
362,2013,12,29,43.857499999999995,67.42583333333333,9.829579166666667,0.049999999999999996,1011.5388888888889,7.59375,9.650375939849624
363,2013,12,30,39.37052631578947,62.66210526315789,12.779714736842104,0.0,1013.2823529411764,10.0,4.855704697986577
